{
  "course_id": "bethpage-black",
  "bbox_wgs84": [
    -73.454,
    40.7423,
    -73.4374,
    40.7549
  ],
  "size_px": 2017,
  "elev_min_m": 22.454843521118164,
  "elev_max_m": 65.54843139648438,
  "elev_range_m": 43.09358787536621,
  "ue5_z_scale_pct": 8.416716381907463,
  "backend": "opentopo"
}