{
  "course_id": "golfforge-demo-black",
  "bbox_wgs84": [
    -73.454,
    40.7423,
    -73.435,
    40.7549
  ],
  "size_px": 2017,
  "elev_min_m": 22.460620880126953,
  "elev_max_m": 65.53836059570312,
  "elev_range_m": 43.07773971557617,
  "ue5_z_scale_pct": 8.413621038198471,
  "backend": "opentopo"
}