{
  "course_id": "golfforge-demo-black",
  "bbox_wgs84": [
    -73.4555,
    40.7423,
    -73.4345,
    40.7571
  ],
  "size_px": 2017,
  "elev_min_m": 21.796384811401367,
  "elev_max_m": 73.59384155273438,
  "elev_range_m": 51.79745674133301,
  "ue5_z_scale_pct": 10.116690769791603,
  "backend": "opentopo"
}