{
  "course_id": "oldandre",
  "bbox_wgs84": [
    -2.8318,
    56.342,
    -2.7962,
    56.3618
  ],
  "size_px": 2017,
  "elev_min_m": 0.5518679022789001,
  "elev_max_m": 30.036808013916016,
  "elev_range_m": 29.484940111637115,
  "ue5_z_scale_pct": 5.758777365554124,
  "backend": "cog"
}