{
  "course_id": "st-andrews-18",
  "bbox_wgs84": [
    -2.80485,
    56.34202,
    -2.80125,
    56.34422
  ],
  "size_px": 1009,
  "elev_min_m": 2.2192890644073486,
  "elev_max_m": 17.52960968017578,
  "elev_range_m": 15.310320615768433,
  "ue5_z_scale_pct": 2.990296995267272,
  "backend": "cog"
}