{
  "course_id": "pebble-beach-test",
  "bbox_wgs84": [
    -121.953,
    36.566,
    -121.937,
    36.58
  ],
  "size_px": 1009,
  "elev_min_m": 1.1430022716522217,
  "elev_max_m": 136.95213317871094,
  "elev_range_m": 135.80913090705872,
  "ue5_z_scale_pct": 26.525220880284905,
  "backend": "opentopo"
}