{
  "course_id": "st-andrews-old",
  "bbox_wgs84": [
    -2.8322,
    56.3415,
    -2.7998,
    56.3595
  ],
  "size_px": 2017,
  "elev_min_m": 0.891929566860199,
  "elev_max_m": 31.044694900512695,
  "elev_range_m": 30.152765333652496,
  "ue5_z_scale_pct": 5.889211979229003,
  "backend": "cog"
}